Episode,Total Reward,Epsilon,Attempts,Success
1,148,0.995,4,1
2,145,0.990025,3,1
3,141,0.985074875,3,1
4,127,0.9801495006250001,2,1
5,145,0.9752487531218751,4,1
6,150,0.9703725093562657,4,1
7,140,0.9655206468094844,4,1
8,136,0.960693043575437,3,1
9,139,0.9558895783575597,4,1
10,153,0.9511101304657719,4,1
11,152,0.946354579813443,3,1
12,135,0.9416228069143757,4,1
13,146,0.9369146928798039,4,1
14,157,0.9322301194154049,4,1
15,140,0.9275689688183278,3,1
16,135,0.9229311239742362,3,1
17,52,0.918316468354365,6,0
18,142,0.9137248860125932,3,1
19,142,0.9091562615825302,4,1
20,159,0.9046104802746175,4,1
21,179,0.9000874278732445,5,1
22,139,0.8955869907338783,3,1
23,135,0.8911090557802088,3,1
24,134,0.8866535105013078,3,1
25,150,0.8822202429488013,5,1
26,146,0.8778091417340573,3,1
27,138,0.8734200960253871,3,1
28,159,0.8690529955452602,5,1
29,159,0.8647077305675338,5,1
30,136,0.8603841919146962,4,1
31,145,0.8560822709551227,4,1
32,168,0.851801859600347,5,1
33,160,0.8475428503023453,5,1
34,146,0.8433051360508336,5,1
35,165,0.8390886103705794,5,1
36,134,0.8348931673187264,2,1
37,141,0.8307187014821328,3,1
38,147,0.8265651079747222,3,1
39,142,0.8224322824348486,3,1
40,147,0.8183201210226743,5,1
41,143,0.8142285204175609,4,1
42,174,0.810157377815473,5,1
43,140,0.8061065909263957,4,1
44,155,0.8020760579717637,4,1
45,140,0.798065677681905,3,1
46,157,0.7940753492934954,4,1
47,137,0.7901049725470279,3,1
48,169,0.7861544476842928,6,1
49,85,0.7822236754458713,6,0
50,143,0.778312557068642,4,1
51,127,0.7744209942832988,4,1
52,145,0.7705488893118823,4,1
53,134,0.7666961448653229,2,1
54,143,0.7628626641409962,4,1
55,144,0.7590483508202912,3,1
56,137,0.7552531090661897,3,1
57,136,0.7514768435208588,3,1
58,158,0.7477194593032545,5,1
59,147,0.7439808620067382,3,1
60,157,0.7402609576967045,5,1
61,182,0.736559652908221,6,1
62,146,0.7328768546436799,4,1
63,152,0.7292124703704616,4,1
64,145,0.7255664080186093,4,1
65,155,0.7219385759785162,5,1
66,147,0.7183288830986236,4,1
67,147,0.7147372386831305,4,1
68,134,0.7111635524897149,4,1
69,155,0.7076077347272662,4,1
70,184,0.7040696960536299,5,1
71,149,0.7005493475733617,4,1
72,141,0.697046600835495,3,1
73,137,0.6935613678313175,4,1
74,181,0.6900935609921609,6,1
75,142,0.6866430931872001,3,1
76,144,0.6832098777212641,3,1
77,140,0.6797938283326578,4,1
78,144,0.6763948591909945,3,1
79,152,0.6730128848950395,4,1
80,165,0.6696478204705644,4,1
81,170,0.6662995813682115,5,1
82,149,0.6629680834613705,4,1
83,137,0.6596532430440636,3,1
84,142,0.6563549768288433,3,1
85,150,0.653073201944699,4,1
86,180,0.6498078359349755,5,1
87,140,0.6465587967553006,3,1
88,132,0.6433260027715241,2,1
89,131,0.6401093727576664,3,1
90,132,0.6369088258938781,4,1
91,138,0.6337242817644086,4,1
92,162,0.6305556603555866,4,1
93,142,0.6274028820538087,3,1
94,51,0.6242658676435396,6,0
95,129,0.6211445383053219,3,1
96,146,0.6180388156137953,4,1
97,136,0.6149486215357263,3,1
98,173,0.6118738784280476,5,1
99,152,0.6088145090359074,3,1
100,175,0.6057704364907278,6,1
101,142,0.6027415843082742,4,1
102,146,0.5997278763867329,4,1
103,154,0.5967292370047992,5,1
104,140,0.5937455908197752,3,1
105,134,0.5907768628656763,2,1
106,143,0.5878229785513479,4,1
107,152,0.5848838636585911,3,1
108,184,0.5819594443402982,6,1
109,133,0.5790496471185967,3,1
110,162,0.5761543988830038,5,1
111,159,0.5732736268885887,5,1
112,137,0.5704072587541458,4,1
113,130,0.567555222460375,3,1
114,139,0.5647174463480732,3,1
115,151,0.5618938591163328,4,1
116,151,0.5590843898207511,4,1
117,134,0.5562889678716474,2,1
118,145,0.5535075230322891,4,1
119,167,0.5507399854171277,5,1
120,174,0.547986285490042,5,1
121,133,0.5452463540625918,4,1
122,150,0.5425201222922789,3,1
123,132,0.5398075216808175,3,1
124,147,0.5371084840724134,3,1
125,154,0.5344229416520513,3,1
126,155,0.531750826943791,4,1
127,149,0.5290920728090721,3,1
128,139,0.5264466124450268,5,1
129,158,0.5238143793828016,4,1
130,140,0.5211953074858876,3,1
131,139,0.5185893309484582,4,1
132,138,0.5159963842937159,4,1
133,134,0.5134164023722473,4,1
134,129,0.510849320360386,2,1
135,160,0.5082950737585841,5,1
136,163,0.5057535983897912,5,1
137,134,0.5032248303978422,3,1
138,135,0.500708706245853,3,1
139,166,0.4982051627146237,4,1
140,157,0.49571413690105054,4,1
141,137,0.4932355662165453,3,1
142,143,0.4907693883854626,4,1
143,140,0.4883155414435353,3,1
144,160,0.4858739637363176,5,1
145,143,0.483444593917636,4,1
146,65,0.4810273709480478,6,0
147,158,0.47862223409330756,4,1
148,145,0.47622912292284103,4,1
149,137,0.4738479773082268,4,1
150,172,0.47147873742168567,5,1
151,151,0.46912134373457726,4,1
152,176,0.46677573701590436,6,1
153,139,0.46444185833082485,3,1
154,143,0.46211964903917074,4,1
155,142,0.4598090507939749,4,1
156,140,0.457510005540005,2,1
157,133,0.45522245551230495,2,1
158,134,0.4529463432347434,4,1
159,141,0.4506816115185697,4,1
160,143,0.4484282034609769,4,1
161,147,0.446186062443672,3,1
162,156,0.4439551321314536,5,1
163,139,0.4417353564707963,4,1
164,137,0.43952667968844233,4,1
165,136,0.43732904629000013,4,1
166,145,0.4351424010585501,3,1
167,148,0.43296668905325736,4,1
168,165,0.43080185560799106,5,1
169,141,0.4286478463299511,3,1
170,157,0.42650460709830135,4,1
171,142,0.42437208406280985,3,1
172,150,0.4222502236424958,4,1
173,152,0.42013897252428334,5,1
174,151,0.4180382776616619,4,1
175,139,0.4159480862733536,4,1
176,141,0.41386834584198684,4,1
177,171,0.4117990041127769,5,1
178,141,0.40974000909221303,4,1
179,142,0.40769130904675194,3,1
180,137,0.40565285250151817,4,1
181,136,0.4036245882390106,3,1
182,144,0.4016064652978155,3,1
183,140,0.3995984329713264,4,1
184,144,0.3976004408064698,4,1
185,169,0.39561243860243744,5,1
186,136,0.3936343764094253,3,1
187,134,0.39166620452737816,2,1
188,139,0.3897078735047413,3,1
189,151,0.3877593341372176,4,1
190,143,0.3858205374665315,4,1
191,135,0.38389143477919885,4,1
192,149,0.3819719776053028,4,1
193,133,0.3800621177172763,4,1
194,140,0.37816180712868996,3,1
195,154,0.37627099809304654,4,1
196,134,0.3743896431025813,3,1
197,137,0.37251769488706843,3,1
198,133,0.3706551064126331,2,1
199,138,0.36880183088056995,3,1
200,149,0.3669578217261671,5,1
201,161,0.36512303261753626,5,1
202,151,0.3632974174544486,4,1
203,145,0.3614809303671764,3,1
204,135,0.3596735257153405,3,1
205,175,0.3578751580867638,5,1
206,162,0.35608578229633,5,1
207,144,0.3543053533848483,4,1
208,145,0.35253382661792404,4,1
209,141,0.3507711574848344,3,1
210,137,0.34901730169741024,3,1
211,143,0.3472722151889232,3,1
212,144,0.3455358541129786,3,1
213,134,0.3438081748424137,4,1
214,141,0.3420891339682016,3,1
215,136,0.3403786882983606,3,1
216,148,0.3386767948568688,4,1
217,81,0.33698341088258443,6,0
218,159,0.3352984938281715,5,1
219,164,0.33362200135903064,4,1
220,145,0.33195389135223546,4,1
221,134,0.3302941218954743,3,1
222,146,0.32864265128599696,3,1
223,194,0.326999438029567,6,1
224,142,0.3253644408394192,4,1
225,181,0.3237376186352221,5,1
226,147,0.322118930542046,4,1
227,136,0.32050833588933575,3,1
228,142,0.31890579420988907,3,1
229,147,0.3173112652388396,4,1
230,139,0.3157247089126454,4,1
231,131,0.3141460853680822,3,1
232,155,0.3125753549412418,4,1
233,134,0.31101247816653554,3,1
234,139,0.30945741577570285,3,1
235,147,0.3079101286968243,5,1
236,138,0.3063705780533402,4,1
237,144,0.30483872516307353,3,1
238,131,0.3033145315372582,3,1
239,167,0.3017979588795719,4,1
240,131,0.30028896908517405,3,1
241,153,0.2987875242397482,4,1
242,133,0.29729358661854943,3,1
243,133,0.29580711868545667,3,1
244,143,0.2943280830920294,5,1
245,149,0.29285644267656924,4,1
246,140,0.2913921604631864,4,1
247,157,0.28993519966087045,5,1
248,138,0.2884855236625661,3,1
249,151,0.28704309604425327,5,1
250,134,0.285607880564032,3,1
251,153,0.28417984116121187,5,1
252,153,0.2827589419554058,5,1
253,139,0.28134514724562876,3,1
254,140,0.2799384215094006,3,1
255,137,0.27853872940185365,3,1
256,140,0.27714603575484437,4,1
257,137,0.2757603055760701,2,1
258,140,0.2743815040481898,4,1
259,162,0.2730095965279488,5,1
260,138,0.27164454854530906,3,1
261,134,0.2702863258025825,4,1
262,154,0.2689348941735696,3,1
263,145,0.26759021970270175,4,1
264,139,0.2662522686041882,3,1
265,148,0.2649210072611673,4,1
266,168,0.26359640222486147,6,1
267,144,0.26227842021373715,5,1
268,145,0.2609670281126685,3,1
269,143,0.25966219297210513,4,1
270,141,0.2583638820072446,3,1
271,141,0.2570720625972084,4,1
272,136,0.25578670228422234,4,1
273,157,0.25450776877280124,5,1
274,139,0.2532352299289372,4,1
275,147,0.2519690537792925,4,1
276,146,0.2507092085103961,4,1
277,169,0.2494556624678441,6,1
278,155,0.24820838415550486,5,1
279,145,0.24696734223472733,3,1
280,183,0.2457325055235537,6,1
281,139,0.24450384299593592,3,1
282,138,0.24328132378095624,3,1
283,143,0.24206491716205145,4,1
284,134,0.2408545925762412,3,1
285,132,0.23965031961336,2,1
286,145,0.2384520680152932,3,1
287,174,0.23725980767521673,5,1
288,149,0.23607350863684065,3,1
289,147,0.23489314109365644,4,1
290,153,0.23371867538818816,4,1
291,140,0.23255008201124722,3,1
292,137,0.231387331601191,4,1
293,139,0.23023039494318503,3,1
294,151,0.2290792429684691,4,1
295,157,0.22793384675362674,5,1
296,158,0.22679417751985861,4,1
297,161,0.22566020663225933,4,1
298,145,0.22453190559909803,5,1
299,144,0.22340924607110255,5,1
300,69,0.22229219984074702,6,0
301,152,0.2211807388415433,4,1
302,159,0.22007483514733558,4,1
303,60,0.2189744609715989,6,0
304,132,0.2178795886667409,4,1
305,135,0.2167901907234072,4,1
306,149,0.21570623976979014,3,1
307,132,0.21462770857094118,3,1
308,131,0.21355457002808648,3,1
309,143,0.21248679717794605,3,1
310,173,0.21142436319205632,5,1
311,162,0.21036724137609603,4,1
312,196,0.20931540516921554,6,1
313,139,0.20826882814336947,3,1
314,141,0.20722748400265262,3,1
315,147,0.20619134658263935,4,1
316,141,0.20516038984972615,5,1
317,142,0.2041345879004775,3,1
318,133,0.2031139149609751,3,1
319,146,0.20209834538617025,4,1
320,141,0.2010878536592394,4,1
321,152,0.2000824143909432,4,1
322,144,0.19908200231898848,4,1
323,142,0.19808659230739353,3,1
324,169,0.19709615934585656,5,1
325,167,0.19611067854912728,4,1
326,135,0.19513012515638165,3,1
327,133,0.19415447453059972,3,1
328,133,0.19318370215794672,3,1
329,139,0.192217783647157,3,1
330,150,0.1912566947289212,4,1
331,135,0.1903004112552766,4,1
332,151,0.18934890919900021,4,1
333,136,0.18840216465300522,4,1
334,132,0.18746015382974018,3,1
335,131,0.1865228530605915,4,1
336,142,0.18559023879528855,4,1
337,151,0.1846622876013121,4,1
338,142,0.18373897616330553,4,1
339,138,0.182820281282489,4,1
340,160,0.18190617987607657,4,1
341,145,0.18099664897669618,4,1
342,158,0.1800916657318127,4,1
343,131,0.17919120740315364,3,1
344,150,0.17829525136613786,5,1
345,135,0.17740377510930716,3,1
346,135,0.17651675623376062,4,1
347,137,0.1756341724525918,3,1
348,166,0.17475600159032884,4,1
349,145,0.17388222158237718,4,1
350,159,0.1730128104744653,4,1
351,151,0.17214774642209296,4,1
352,151,0.1712870076899825,4,1
353,146,0.17043057265153258,4,1
354,147,0.16957841978827493,4,1
355,142,0.16873052768933355,4,1
356,152,0.1678868750508869,3,1
357,33,0.16704744067563246,6,0
358,151,0.1662122034722543,5,1
359,145,0.16538114245489302,4,1
360,149,0.16455423674261854,4,1
361,143,0.16373146555890544,3,1
362,142,0.16291280823111093,3,1
363,144,0.16209824418995536,5,1
364,202,0.16128775296900558,6,1
365,151,0.16048131420416054,4,1
366,146,0.15967890763313974,5,1
367,131,0.15888051309497406,2,1
368,167,0.1580861105294992,5,1
369,134,0.1572956799768517,3,1
370,145,0.15650920157696743,4,1
371,136,0.1557266555690826,3,1
372,140,0.1549480222912372,3,1
373,197,0.15417328217978102,6,1
374,142,0.1534024157688821,4,1
375,131,0.1526354036900377,2,1
376,148,0.1518722266715875,3,1
377,154,0.15111286553822956,4,1
378,139,0.15035730121053842,3,1
379,150,0.14960551470448571,4,1
380,149,0.14885748713096328,4,1
381,149,0.14811319969530845,4,1
382,168,0.1473726336968319,5,1
383,141,0.14663577052834775,3,1
384,171,0.14590259167570602,5,1
385,160,0.1451730787173275,5,1
386,137,0.14444721332374086,4,1
387,45,0.14372497725712216,6,0
388,153,0.14300635237083656,4,1
389,137,0.14229132060898236,3,1
390,163,0.14157986400593744,5,1
391,96,0.14087196468590776,6,0
392,170,0.14016760486247823,6,1
393,142,0.13946676683816583,3,1
394,130,0.138769433003975,2,1
395,149,0.13807558583895513,4,1
396,146,0.13738520790976036,4,1
397,132,0.13669828187021155,4,1
398,139,0.13601479046086049,5,1
399,152,0.1353347165085562,4,1
400,168,0.1346580429260134,5,1
401,36,0.13398475271138335,6,0
402,154,0.13331482894782642,4,1
403,139,0.13264825480308728,3,1
404,143,0.13198501352907185,4,1
405,167,0.1313250884614265,5,1
406,161,0.13066846301911936,4,1
407,82,0.13001512070402377,6,0
408,133,0.12936504510050365,3,1
409,141,0.12871821987500112,3,1
410,158,0.12807462877562611,5,1
411,140,0.12743425563174798,4,1
412,135,0.12679708435358925,4,1
413,158,0.1261630989318213,4,1
414,159,0.1255322834371622,4,1
415,153,0.12490462201997637,4,1
416,176,0.1242800989098765,5,1
417,146,0.12365869841532712,4,1
418,154,0.12304040492325048,4,1
419,155,0.12242520289863423,4,1
420,155,0.12181307688414106,5,1
421,152,0.12120401149972035,3,1
422,135,0.12059799144222175,3,1
423,135,0.11999500148501063,4,1
424,144,0.11939502647758558,3,1
425,136,0.11879805134519765,3,1
426,145,0.11820406108847166,4,1
427,153,0.1176130407830293,4,1
428,144,0.11702497557911415,4,1
429,140,0.11643985070121858,4,1
430,147,0.11585765144771248,4,1
431,145,0.11527836319047392,5,1
432,177,0.11470197137452155,5,1
433,159,0.11412846151764894,5,1
434,153,0.1135578192100607,5,1
435,139,0.11299003011401039,2,1
436,155,0.11242507996344034,4,1
437,147,0.11186295456362313,4,1
438,134,0.11130363979080501,3,1
439,134,0.11074712159185099,2,1
440,150,0.11019338598389174,4,1
441,144,0.10964241905397228,4,1
442,157,0.10909420695870241,4,1
443,179,0.1085487359239089,6,1
444,183,0.10800599224428936,6,1
445,127,0.10746596228306791,3,1
446,148,0.10692863247165257,4,1
447,134,0.1063939893092943,3,1
448,147,0.10586201936274783,4,1
449,144,0.10533270926593409,3,1
450,167,0.10480604571960442,5,1
451,152,0.1042820154910064,4,1
452,53,0.10376060541355137,6,0
453,152,0.1032418023864836,3,1
454,135,0.10272559337455119,3,1
455,164,0.10221196540767843,6,1
456,143,0.10170090558064004,4,1
457,149,0.10119240105273684,4,1
458,141,0.10068643904747315,3,1
459,145,0.10018300685223579,4,1
460,162,0.0996820918179746,5,1
461,175,0.09918368135888474,6,1
462,136,0.09868776295209031,4,1
463,142,0.09819432413732986,3,1
464,143,0.09770335251664321,4,1
465,146,0.09721483575406,5,1
466,133,0.09672876157528969,3,1
467,136,0.09624511776741324,2,1
468,159,0.09576389217857617,4,1
469,176,0.09528507271768329,5,1
470,139,0.09480864735409487,3,1
471,154,0.0943346041173244,4,1
472,151,0.09386293109673778,5,1
473,139,0.09339361644125409,3,1
474,135,0.09292664835904782,4,1
475,138,0.09246201511725258,4,1
476,133,0.09199970504166631,4,1
477,156,0.09153970651645797,4,1
478,148,0.09108200798387568,4,1
479,160,0.0906265979439563,4,1
480,33,0.09017346495423652,6,0
481,171,0.08972259762946533,4,1
482,163,0.089273984641318,4,1
483,154,0.0888276147181114,4,1
484,180,0.08838347664452084,5,1
485,169,0.08794155926129824,5,1
486,151,0.08750185146499175,4,1
487,133,0.08706434220766679,3,1
488,164,0.08662902049662846,4,1
489,136,0.08619587539414532,3,1
490,157,0.08576489601717459,5,1
491,143,0.08533607153708872,4,1
492,186,0.08490939117940327,6,1
493,145,0.08448484422350626,4,1
494,130,0.08406242000238873,3,1
495,140,0.08364210790237678,4,1
496,157,0.0832238973628649,4,1
497,160,0.08280777787605056,4,1
498,152,0.08239373898667031,4,1
499,134,0.08198177029173696,3,1
500,45,0.08157186144027828,6,0
501,137,0.0811640021330769,3,1
502,170,0.08075818212241151,5,1
503,136,0.08035439121179945,4,1
504,139,0.07995261925574046,3,1
505,197,0.07955285615946175,6,1
506,144,0.07915509187866444,3,1
507,131,0.07875931641927113,3,1
508,131,0.07836551983717477,3,1
509,151,0.07797369223798889,5,1
510,163,0.07758382377679894,4,1
511,145,0.07719590465791494,3,1
512,150,0.07680992513462537,4,1
513,166,0.07642587550895225,5,1
514,141,0.07604374613140748,3,1
515,139,0.07566352740075044,4,1
516,179,0.07528520976374668,6,1
517,144,0.07490878371492794,5,1
518,155,0.0745342397963533,4,1
519,142,0.07416156859737154,4,1
520,164,0.07379076075438468,5,1
521,143,0.07342180695061275,3,1
522,140,0.07305469791585968,3,1
523,139,0.07268942442628039,4,1
524,143,0.07232597730414898,5,1
525,149,0.07196434741762824,4,1
526,134,0.0716045256805401,3,1
527,141,0.0712465030521374,3,1
528,146,0.0708902705368767,4,1
529,151,0.07053581918419231,4,1
530,160,0.07018314008827135,5,1
531,135,0.06983222438783,3,1
532,147,0.06948306326589085,4,1
533,147,0.0691356479495614,4,1
534,151,0.06878996970981359,3,1
535,147,0.06844601986126451,4,1
536,134,0.06810378976195819,4,1
537,142,0.0677632708131484,4,1
538,149,0.06742445445908266,4,1
539,154,0.06708733218678724,3,1
540,160,0.0667518955258533,5,1
541,145,0.06641813604822402,3,1
542,146,0.0660860453679829,4,1
543,169,0.06575561514114299,5,1
544,197,0.06542683706543727,6,1
545,153,0.06509970288011008,4,1
546,130,0.06477420436570952,2,1
547,144,0.06445033334388098,3,1
548,129,0.06412808167716157,4,1
549,133,0.06380744126877576,3,1
550,158,0.06348840406243188,5,1
551,155,0.06317096204211972,3,1
552,140,0.06285510723190912,3,1
553,177,0.06254083169574957,5,1
554,161,0.062228127537270826,5,1
555,159,0.06191698689958447,5,1
556,136,0.061607401965086545,3,1
557,132,0.06129936495526111,4,1
558,135,0.0609928681304848,3,1
559,142,0.060687903789832374,3,1
560,142,0.06038446427088321,4,1
561,131,0.06008254194952879,4,1
562,169,0.05978212923978115,5,1
563,133,0.05948321859358224,3,1
564,136,0.05918580250061433,4,1
565,141,0.058889873488111255,4,1
566,147,0.058595424120670696,4,1
567,171,0.05830244700006734,4,1
568,142,0.058010934765067,5,1
569,138,0.05772088009124167,3,1
570,153,0.05743227569078546,4,1
571,142,0.05714511431233153,4,1
572,138,0.05685938874076987,4,1
573,139,0.056575091797066025,3,1
574,142,0.056292216338080694,4,1
575,155,0.05601075525639029,4,1
576,145,0.05573070148010834,4,1
577,155,0.0554520479727078,4,1
578,135,0.05517478773284426,3,1
579,175,0.05489891379418004,4,1
580,134,0.05462441922520914,4,1
581,131,0.0543512971290831,4,1
582,144,0.05407954064343768,3,1
583,146,0.05380914294022049,4,1
584,135,0.05354009722551939,3,1
585,144,0.05327239673939179,3,1
586,145,0.053006034755694834,4,1
587,144,0.052741004581916356,3,1
588,140,0.052477299559006776,3,1
589,49,0.052214913061211746,6,0
590,89,0.05195383849590569,6,0
591,155,0.05169406930342616,4,1
592,162,0.05143559895690903,5,1
593,150,0.051178420962124486,4,1
594,141,0.05092252885731386,4,1
595,153,0.05066791621302729,4,1
596,144,0.05041457663196215,3,1
597,148,0.050162503748802344,3,1
598,163,0.049911691230058335,5,1
599,139,0.04966213277390804,4,1
600,135,0.0494138221100385,4,1
601,129,0.04916675299948831,2,1
602,81,0.04892091923449087,6,0
603,142,0.04867631463831842,4,1
604,143,0.048432933065126825,4,1
605,131,0.048190768399801194,3,1
606,145,0.04794981455780219,3,1
607,132,0.04771006548501318,2,1
608,140,0.047471515157588115,4,1
609,136,0.047234157581800176,4,1
610,155,0.046997986793891174,4,1
611,155,0.04676299685992172,5,1
612,135,0.04652918187562211,3,1
613,152,0.046296535966244,4,1
614,138,0.046065053286412784,4,1
615,165,0.04583472801998072,5,1
616,73,0.045605554379880814,6,0
617,151,0.04537752660798141,4,1
618,134,0.0451506389749415,3,1
619,159,0.044924885780066794,4,1
620,135,0.04470026135116646,2,1
621,148,0.04447676004441063,4,1
622,177,0.04425437624418858,5,1
623,130,0.04403310436296763,2,1
624,150,0.043812938841152796,5,1
625,182,0.04359387414694703,5,1
626,138,0.043375904776212296,3,1
627,143,0.043159025252331236,4,1
628,151,0.04294323012606958,5,1
629,139,0.04272851397543923,4,1
630,140,0.04251487140556204,5,1
631,144,0.04230229704853423,3,1
632,168,0.04209078556329156,6,1
633,152,0.0418803316354751,5,1
634,145,0.041670929977297724,5,1
635,149,0.04146257532741124,4,1
636,139,0.04125526245077418,4,1
637,156,0.04104898613852031,4,1
638,143,0.04084374120782771,4,1
639,144,0.04063952250178857,4,1
640,137,0.04043632488927963,3,1
641,152,0.04023414326483323,3,1
642,134,0.040032972548509065,4,1
643,204,0.03983280768576652,6,1
644,155,0.03963364364733769,4,1
645,155,0.039435475429100995,4,1
646,142,0.03923829805195549,4,1
647,155,0.03904210656169572,4,1
648,143,0.03884689602888724,4,1
649,45,0.0386526615487428,6,0
650,155,0.03845939824099909,4,1
651,177,0.03826710124979409,5,1
652,157,0.038075765743545126,4,1
653,148,0.0378853869148274,4,1
654,148,0.03769595998025326,4,1
655,142,0.03750748018035199,3,1
656,165,0.037319942779450235,6,1
657,159,0.037133343065552986,4,1
658,131,0.03694767635022522,3,1
659,168,0.036762937968474095,5,1
660,141,0.03657912327863173,3,1
661,174,0.036396227662238566,6,1
662,165,0.03621424652392737,5,1
663,138,0.036033175291307735,4,1
664,136,0.03585300941485119,3,1
665,137,0.035673744367776934,4,1
666,144,0.03549537564593805,4,1
667,143,0.035317898767708356,4,1
668,145,0.03514130927386981,4,1
669,125,0.03496560272750046,1,1
670,96,0.03479077471386296,6,0
671,164,0.03461682084029365,5,1
672,136,0.034443736736092176,4,1
673,140,0.034271518052411715,3,1
674,148,0.034100160462149656,3,1
675,138,0.03392965965983891,4,1
676,157,0.033760011361539714,4,1
677,134,0.03359121130473201,3,1
678,140,0.033423255248208356,3,1
679,138,0.03325613897196732,3,1
680,177,0.03308985827710748,5,1
681,152,0.032924408985721944,4,1
682,154,0.03275978694079333,5,1
683,141,0.032595988006089364,4,1
684,153,0.032433008066058915,5,1
685,149,0.03227084302572862,4,1
686,130,0.032109488810599975,2,1
687,53,0.031948941366546975,6,0
688,172,0.03178919665971424,5,1
689,143,0.03163025067641567,4,1
690,139,0.03147209942303359,3,1
691,171,0.03131473892591842,5,1
692,143,0.031158165231288826,3,1
693,176,0.03100237440513238,6,1
694,156,0.030847362533106718,4,1
695,159,0.030693125720441184,5,1
696,149,0.030539660091838977,5,1
697,144,0.03038696179137978,4,1
698,139,0.030235026982422884,4,1
699,144,0.030083851847510768,3,1
700,132,0.029933432588273214,4,1
701,144,0.029783765425331846,4,1
702,179,0.029634846598205186,5,1
703,174,0.02948667236521416,5,1
704,136,0.029339239003388088,3,1
705,139,0.029192542808371146,3,1
706,158,0.02904658009432929,4,1
707,153,0.028901347193857643,4,1
708,129,0.028756840457888354,3,1
709,141,0.02861305625559891,3,1
710,155,0.028469990974320916,5,1
711,143,0.02832764101944931,3,1
712,179,0.028186002814352063,6,1
713,138,0.0280450728002803,3,1
714,142,0.0279048474362789,3,1
715,136,0.027765323199097504,3,1
716,149,0.027626496583102015,3,1
717,177,0.027488364100186506,5,1
718,146,0.027350922279685573,4,1
719,139,0.027214167668287145,4,1
720,151,0.02707809682994571,4,1
721,171,0.02694270634579598,5,1
722,147,0.026807992814067,5,1
723,159,0.026673952849996664,4,1
724,135,0.02654058308574668,3,1
725,150,0.026407880170317945,3,1
726,140,0.026275840769466357,4,1
727,142,0.026144461565619025,3,1
728,137,0.02601373925779093,4,1
729,137,0.025883670561501974,4,1
730,144,0.025754252208694463,4,1
731,166,0.02562548094765099,5,1
732,147,0.025497353542912736,4,1
733,151,0.02536986677519817,4,1
734,149,0.02524301744132218,4,1
735,143,0.025116802354115567,3,1
736,133,0.024991218342344988,4,1
737,145,0.024866262250633264,3,1
738,153,0.024741930939380097,5,1
739,151,0.024618221284683196,4,1
740,149,0.02449513017825978,4,1
741,148,0.02437265452736848,4,1
742,63,0.024250791254731636,6,0
743,150,0.024129537298457977,4,1
744,172,0.024008889611965685,5,1
745,142,0.023888845163905856,4,1
746,157,0.023769400938086327,4,1
747,159,0.023650553933395897,4,1
748,141,0.023532301163728918,4,1
749,131,0.023414639657910272,3,1
750,171,0.023297566459620722,4,1
751,137,0.023181078627322618,4,1
752,180,0.023065173234186005,5,1
753,135,0.022949847368015076,3,1
754,136,0.022835098131175,2,1
755,152,0.022720922640519125,4,1
756,169,0.02260731802731653,5,1
757,144,0.022494281437179946,3,1
758,135,0.022381810029994047,4,1
759,140,0.022269900979844076,4,1
760,138,0.022158551474944856,3,1
761,134,0.022047758717570132,3,1
762,160,0.021937519923982282,4,1
763,142,0.021827832324362372,4,1
764,162,0.02171869316274056,5,1
765,182,0.021610099696926857,5,1
766,150,0.021502049198442223,4,1
767,145,0.021394538952450012,4,1
768,184,0.02128756625768776,6,1
769,142,0.021181128426399323,4,1
770,153,0.021075222784267326,4,1
771,36,0.020969846670345987,6,0
772,139,0.020864997436994256,4,1
773,154,0.020760672449809284,4,1
774,152,0.020656869087560238,3,1
775,161,0.020553584742122436,5,1
776,149,0.020450816818411825,5,1
777,144,0.020348562734319765,3,1
778,155,0.020246819920648168,4,1
779,129,0.020145585821044927,2,1
780,170,0.020044857891939702,5,1
781,140,0.019944633602480003,4,1
782,162,0.019844910434467605,5,1
783,141,0.019745685882295267,4,1
784,146,0.01964695745288379,3,1
785,141,0.01954872266561937,3,1
786,153,0.019450979052291272,4,1
787,169,0.019353724157029815,5,1
788,136,0.019256955536244666,4,1
789,129,0.019160670758563442,3,1
790,137,0.019064867404770626,3,1
791,144,0.018969543067746772,3,1
792,162,0.018874695352408037,4,1
793,139,0.018780321875645996,4,1
794,135,0.018686420266267767,4,1
795,150,0.018592988164936427,4,1
796,131,0.018500023224111744,4,1
797,140,0.018407523107991184,3,1
798,133,0.01831548549245123,3,1
799,176,0.018223908064988973,6,1
800,163,0.018132788524664028,5,1
801,146,0.018042124582040707,5,1
802,163,0.017951913959130504,5,1
803,137,0.01786215438933485,4,1
804,148,0.017772843617388175,4,1
805,145,0.017683979399301233,4,1
806,149,0.017595559502304726,4,1
807,151,0.0175075817047932,4,1
808,131,0.017420043796269234,3,1
809,149,0.017332943577287888,4,1
810,138,0.01724627885940145,4,1
811,185,0.017160047465104442,6,1
812,82,0.01707424722777892,6,0
813,147,0.016988875991640028,3,1
814,147,0.016903931611681827,4,1
815,144,0.01681941195362342,4,1
816,154,0.016735314893855303,4,1
817,137,0.016651638319386028,3,1
818,167,0.0165683801277891,5,1
819,176,0.016485538227150154,6,1
820,148,0.0164031105360144,4,1
821,174,0.01632109498333433,5,1
822,139,0.016239489508417658,4,1
823,148,0.01615829206087557,4,1
824,127,0.01607750060057119,2,1
825,170,0.015997113097568336,5,1
826,143,0.015917127532080494,3,1
827,164,0.01583754189442009,4,1
828,131,0.01575835418494799,2,1
829,143,0.01567956241402325,4,1
830,147,0.015601164601953134,4,1
831,151,0.015523158778943369,3,1
832,143,0.015445542985048652,4,1
833,131,0.015368315270123408,3,1
834,160,0.01529147369377279,5,1
835,134,0.015215016325303928,2,1
836,140,0.015138941243677408,4,1
837,142,0.01506324653745902,4,1
838,156,0.014987930304771725,5,1
839,144,0.014912990653247866,4,1
840,149,0.014838425699981627,4,1
841,145,0.01476423357148172,5,1
842,166,0.014690412403624311,5,1
843,158,0.01461696034160619,5,1
844,138,0.014543875539898159,4,1
845,166,0.014471156162198668,6,1
846,139,0.014398800381387675,3,1
847,125,0.014326806379480736,3,1
848,152,0.014255172347583332,4,1
849,136,0.014183896485845416,4,1
850,136,0.014112977003416188,3,1
851,161,0.014042412118399107,4,1
852,135,0.013972200057807112,4,1
853,163,0.013902339057518077,5,1
854,155,0.013832827362230486,5,1
855,136,0.013763663225419333,4,1
856,45,0.013694844909292236,6,0
857,157,0.013626370684745774,5,1
858,144,0.013558238831322046,3,1
859,142,0.013490447637165436,5,1
860,152,0.013422995398979608,5,1
861,141,0.01335588042198471,3,1
862,132,0.013289101019874787,3,1
863,140,0.013222655514775413,3,1
864,148,0.013156542237201536,5,1
865,143,0.013090759526015528,5,1
866,145,0.01302530572838545,3,1
867,167,0.012960179199743523,4,1
868,82,0.012895378303744804,6,0
869,136,0.01283090141222608,3,1
870,131,0.012766746905164949,4,1
871,149,0.012702913170639124,4,1
872,146,0.012639398604785928,4,1
873,154,0.012576201611761997,4,1
874,157,0.012513320603703188,4,1
875,132,0.012450754000684672,3,1
876,142,0.012388500230681249,4,1
877,174,0.012326557729527843,6,1
878,150,0.012264924940880204,3,1
879,133,0.012203600316175803,3,1
880,158,0.012142582314594924,4,1
881,137,0.01208186940302195,3,1
882,147,0.01202146005600684,4,1
883,149,0.011961352755726806,5,1
884,145,0.01190154599194817,4,1
885,149,0.01184203826198843,4,1
886,160,0.011782828070678488,4,1
887,144,0.011723913930325095,4,1
888,144,0.01166529436067347,4,1
889,141,0.011606967888870102,5,1
890,152,0.01154893304942575,3,1
891,151,0.011491188384178622,4,1
892,175,0.011433732442257729,6,1
893,150,0.01137656378004644,5,1
894,138,0.011319680961146208,4,1
895,147,0.011263082556340478,4,1
896,137,0.011206767143558775,4,1
897,134,0.011150733307840981,3,1
898,133,0.011094979641301777,2,1
899,146,0.011039504743095268,4,1
900,160,0.01098430721937979,5,1
901,150,0.010929385683282892,3,1
902,135,0.010874738754866477,3,1
903,137,0.010820365061092144,4,1
904,145,0.010766263235786683,4,1
905,142,0.01071243191960775,4,1
906,137,0.010658869760009713,4,1
907,154,0.010605575411209664,4,1
908,144,0.010552547534153616,3,1
909,168,0.010499784796482848,6,1
910,177,0.010447285872500434,5,1
911,143,0.01039504944313793,4,1
912,164,0.010343074195922241,5,1
913,136,0.01029135882494263,3,1
914,160,0.010239902030817916,6,1
915,174,0.010188702520663827,5,1
916,137,0.010137759008060509,2,1
917,139,0.010087070213020206,3,1
918,147,0.010036634861955105,4,1
919,140,0.01,4,1
920,139,0.01,3,1
921,174,0.01,6,1
922,139,0.01,4,1
923,143,0.01,4,1
924,139,0.01,4,1
925,171,0.01,6,1
926,165,0.01,5,1
927,131,0.01,3,1
928,137,0.01,2,1
929,142,0.01,4,1
930,168,0.01,6,1
931,142,0.01,3,1
932,131,0.01,3,1
933,135,0.01,3,1
934,154,0.01,4,1
935,172,0.01,5,1
936,150,0.01,5,1
937,162,0.01,5,1
938,143,0.01,4,1
939,164,0.01,5,1
940,149,0.01,4,1
941,145,0.01,4,1
942,131,0.01,3,1
943,139,0.01,3,1
944,175,0.01,5,1
945,149,0.01,3,1
946,135,0.01,4,1
947,141,0.01,3,1
948,131,0.01,3,1
949,137,0.01,4,1
950,136,0.01,4,1
951,139,0.01,3,1
952,149,0.01,4,1
953,150,0.01,5,1
954,189,0.01,5,1
955,162,0.01,4,1
956,165,0.01,5,1
957,156,0.01,4,1
958,152,0.01,4,1
959,141,0.01,3,1
960,133,0.01,3,1
961,142,0.01,4,1
962,166,0.01,5,1
963,174,0.01,5,1
964,144,0.01,4,1
965,173,0.01,5,1
966,163,0.01,5,1
967,179,0.01,6,1
968,142,0.01,4,1
969,162,0.01,5,1
970,131,0.01,3,1
971,141,0.01,3,1
972,52,0.01,6,0
973,152,0.01,3,1
974,136,0.01,4,1
975,131,0.01,3,1
976,145,0.01,3,1
977,140,0.01,4,1
978,162,0.01,5,1
979,157,0.01,4,1
980,168,0.01,5,1
981,152,0.01,5,1
982,150,0.01,4,1
983,137,0.01,3,1
984,177,0.01,5,1
985,141,0.01,4,1
986,150,0.01,4,1
987,138,0.01,3,1
988,131,0.01,3,1
989,131,0.01,4,1
990,135,0.01,3,1
991,156,0.01,4,1
992,133,0.01,3,1
993,143,0.01,4,1
994,145,0.01,4,1
995,139,0.01,4,1
996,165,0.01,6,1
997,155,0.01,4,1
998,145,0.01,3,1
999,153,0.01,4,1
1000,145,0.01,4,1
